,peak_X0,peak_X1,peak_Y0,peak_Y1
event_0,104.0,1592.0,69.6,22.8
event_1,104.0,523.0,70.79999999999998,37.2
event_2,104.0,2136.0,96.0,24.0
event_3,104.0,729.0,147.6,49.2
event_4,104.0,591.0,141.59999999999997,40.8
event_5,104.0,503.0,133.2,36.0
event_6,105.0,1475.0,90.0,115.2
event_7,104.0,1106.0,88.79999999999998,80.4
event_8,104.0,1403.0,73.19999999999999,16.8
event_9,103.0,1302.0,28.8,81.6
